"","years","weeks","Cure_0","Cure_1","Cure_2","Cure_3","Cure_4","Cure_5","Cure_10","Cure_15","Cure_20","background"
"1",0,0,1,1,1,1,1,1,1,1,1,1
"2",0.2,1,0.995066528912469,0.994922799806785,0.994767205119486,0.994597263560032,0.994411283411042,0.994206968572523,0.992805756160843,0.990727229512411,0.989018032913982,0.997678050539022
"3",0.4,2,0.905499406674307,0.904830517150796,0.904166846264417,0.90350538997046,0.902846166699278,0.902194637441885,0.899124466486794,0.896763178043327,0.895377756351949,0.995356101078045
"4",0.6,3,0.775034498160051,0.773069636640945,0.771112740960435,0.769165083399207,0.767229465699137,0.765323207928826,0.756723555457872,0.75164840522459,0.74997252888052,0.993034151617067
"5",0.8,4,0.66228077099874,0.658726003315365,0.655136164548583,0.651512564138021,0.647856122608198,0.644187288017762,0.626331771979215,0.613163499519574,0.60733802260403,0.990712202156089
"6",1,5,0.573293570497115,0.568342407938153,0.563301442442465,0.558169206747977,0.552942309755357,0.547638615626191,0.520613859672066,0.498060879529803,0.486558517266692,0.988390252695112
"7",1.2,6,0.50350474997375,0.497458719734878,0.491274875851761,0.484948500615871,0.478471913616119,0.471858729025412,0.437284284962928,0.406485921815899,0.38967754209041,0.985965116414213
"8",1.4,7,0.448038844613751,0.441172153410744,0.434131323934425,0.426908995953967,0.419494250394403,0.411896788933353,0.371608083941509,0.334442545019648,0.313468536800486,0.983539980133314
"9",1.6,8,0.403188113940115,0.395719884125257,0.3880524858198,0.380176813029176,0.372079951372675,0.363768704218876,0.319369686186133,0.277681562982984,0.253803481941191,0.981114843852416
"10",1.8,9,0.366302911592646,0.358400909358137,0.350284063933192,0.341942374696478,0.333362035456397,0.324548042496982,0.277319903544957,0.232662345615362,0.206994198397789,0.978689707571517
"11",2,10,0.335499447483684,0.327290382151648,0.318858071175545,0.310192318078908,0.301279298090494,0.292123147754686,0.243050681855847,0.196644533239319,0.170076624965132,0.976264571290618
"12",2.2,11,0.309422727907253,0.301002096418518,0.292355292436661,0.283472457130797,0.274340395494041,0.264963132776849,0.214789733907683,0.167559568100711,0.140763792303628,0.973711689404207
"13",2.4,12,0.287081704951149,0.278521661280175,0.269736562563798,0.260717275906836,0.251451695434261,0.241944294212866,0.191225920344783,0.143855368647765,0.117318533579861,0.971158807517796
"14",2.6,13,0.267738622686841,0.259093908767624,0.250228200305463,0.241133361395542,0.231798686120921,0.222229495298656,0.171379521327328,0.124364563514284,0.0984267709737551,0.968605925631385
"15",2.8,14,0.250834839382145,0.24214716431543,0.233244664683241,0.224120381929082,0.214765208261354,0.205185585972927,0.154509815117577,0.108203553263043,0.0830929018467565,0.966053043744974
"16",3,15,0.235940561583494,0.227241819731487,0.218335906628541,0.209217152981754,0.199878163719161,0.190326679495309,0.140049946725997,0.0946980713034161,0.0705591816323663,0.963500161858563
"17",3.2,16,0.222720259580194,0.214034901166212,0.205151039519137,0.19606435573525,0.186769221059845,0.17727477864695,0.127560941370306,0.0833290214524388,0.060245388766396,0.960830015729944
"18",3.4,17,0.210908476152506,0.202255263777584,0.193412880783296,0.184378382598867,0.175147916510697,0.165732078530333,0.11669898781876,0.0736931584196075,0.0517042020397364,0.958159869601325
"19",3.6,18,0.200292624814846,0.191685944615002,0.182899829823739,0.173932707289322,0.164782479005429,0.155461205018824,0.107191925356798,0.0654744497687231,0.0445883044246021,0.955489723472705
"20",3.8,19,0.190700563656019,0.182151411859632,0.173432770454716,0.164544415696776,0.155485961409907,0.146270914759471,0.0988221559154361,0.058423089409848,0.038626097044162,0.952819577344086
"21",4,20,0.181991484531583,0.173508215779697,0.164865467042793,0.156064328671434,0.147106068923866,0.138005605418307,0.0914140836201952,0.0523400014836079,0.0336036976883378,0.950149431215467
"22",4.2,21,0.174049139664164,0.16563803909609,0.157077426266881,0.148369661321898,0.139517600197916,0.130537520793933,0.0848247783277982,0.0470653037431765,0.0293515247517974,0.947349716573585
"23",4.4,22,0.166776740542183,0.158442464439413,0.149968523885008,0.141358498725524,0.132616760233414,0.123760887555369,0.0789369602508587,0.0424696458529471,0.025734236170486,0.944550001931702
"24",4.6,23,0.160093069919041,0.151838987510397,0.14345491212042,0.134945589766133,0.126316831866307,0.117587454359421,0.0736536739882509,0.0384476512193467,0.0226431343890686,0.94175028728982
"25",4.8,24,0.153929485280424,0.145757945629525,0.137465868073261,0.129059109559132,0.12054484559149,0.111943061550721,0.0688942053668678,0.0349129104373593,0.0199903941588823,0.938950572647937
"26",5,25,0.148227585404137,0.140140127074098,0.131941341890189,0.123638142038378,0.115238991583696,0.106764976949625,0.0645909219934165,0.0317941286518013,0.0177046460878852,0.936150858006055
"27",5.2,26,0.142937375752112,0.134934892443003,0.126830031109365,0.118630703936522,0.110346589547283,0.101999807292071,0.0606868071189198,0.0290321380540832,0.01572757507932,0.933224211471511
"28",5.4,27,0.138015813109859,0.130098685186893,0.122087854802717,0.113992179996922,0.105822482143653,0.0976018466332086,0.0571335187696808,0.0265775641653775,0.0140112834839666,0.930297564936967
"29",5.6,28,0.133425641417401,0.125593840841229,0.117676734469986,0.109684073590392,0.101627753162014,0.0935317596150842,0.05388985037387,0.0243889899979036,0.0125162342263188,0.927370918402423
"30",5.8,29,0.129134453255837,0.121387627645123,0.113563612455488,0.105673001448258,0.0977286969174332,0.0897555236628254,0.0509205008672527,0.0224315021827398,0.0112096366231854,0.924444271867879
"31",6,30,0.12511392772268,0.117451467950749,0.109719655866295,0.101929878954397,0.0940959836574041,0.0862435730858801,0.0481950852564553,0.0206755322292839,0.0100641722298313,0.921517625333335
"32",6.2,31,0.121339207308856,0.113760302038052,0.10611960653526,0.0984292553859061,0.0907039791189516,0.0829701018712925,0.0456873334251761,0.0190959273815118,0.00905698345058449,0.918474736140802
"33",6.4,32,0.117788385152786,0.110292064954872,0.102741246838555,0.0951487680395444,0.0875301862302536,0.0799124921390774,0.0433744373628487,0.0176712012570576,0.00816886640552109,0.915431846948269
"34",6.6,33,0.114442080572255,0.107027253707669,0.0995649580756706,0.0920686912877208,0.0845547842830264,0.0770508428074099,0.0412365162132863,0.0163829261435649,0.00738362347736634,0.912388957755736
"35",6.8,34,0.111283085677799,0.103948567165203,0.0965733533011457,0.089171561944525,0.0817602464069587,0.0743675787034455,0.0392561754526379,0.0152152375791708,0.00668754137641951,0.909346068563204
"36",7,35,0.108296069586837,0.101040604853819,0.0937509704218598,0.0864418663635922,0.0791310203451217,0.0718471246606357,0.0374181417289403,0.014154428443134,0.00606896839179562,0.906303179370671
"37",7.2,36,0.105467329596213,0.0982896137375602,0.0910840143701124,0.0838657777741909,0.0766532607093544,0.0694756324272677,0.0357089588716221,0.0131886147914428,0.00551797042008706,0.90311222661803
"38",7.4,37,0.102784580855534,0.0956832743191307,0.0885601394677899,0.0814309347340757,0.074314603339339,0.0672407507345089,0.0341167336276364,0.0123074594983762,0.00502604986818656,0.89992127386539
"39",7.6,38,0.10023677777767,0.0932105191360303,0.0861682648828819,0.0791262534149289,0.0721039742818358,0.0651314308252407,0.0326309220337348,0.0115019427057742,0.00458591497371092,0.89673032111275
"40",7.8,39,0.0978139617450489,0.0908613780827175,0.0838984174728136,0.0769417678688921,0.0700114273818725,0.0631377612665593,0.0312421491621402,0.0107641703554815,0.0041912897373791,0.893539368360109
"41",8,40,0.0955071307093488,0.0886268460550868,0.0817415974028957,0.0748684935490594,0.068028005635016,0.0612508270618947,0.0299420564054556,0.0100872138484211,0.00383675671125154,0.890348415607469
"42",8.2,41,0.0933081271035376,0.0864987692555449,0.079689662792287,0.0728983102446448,0.066145622363294,0.0594625890198686,0.0287231715898141,0.00946497525605352,0.00351762647938417,0.887020352489573
"43",8.4,42,0.0912095411384016,0.08446974716629,0.0777352303264624,0.0710238612966796,0.064356959002472,0.0577657800837726,0.0275787980932737,0.00889207359642152,0.0032298289111188,0.883692289371677
"44",8.6,43,0.0892046270780135,0.0825330477334253,0.0758715893237909,0.0692384665232791,0.0626553768672406,0.0561538159213412,0.0265029198523241,0.00836374854522107,0.00296982224298442,0.880364226253781
"45",8.8,44,0.087287230508534,0.0806825337345123,0.0740926271845209,0.067536046735693,0.0610348407253992,0.054620717552346,0.0254901197033301,0.00787577863361094,0.00273451681424711,0.877036163135885
"46",9,45,0.0854517249540716,0.0789125986494641,0.0723927645062674,0.0659110580912549,0.0594898523867837,0.0531610441767331,0.0245355089585487,0.00742441152780767,0.00252121088997486,0.873708100017989
"47",9.2,46,0.0836929564688609,0.0772181106365696,0.0707668984387592,0.0643584348252407,0.0580153928163433,0.0517698346780306,0.0236346664816449,0.00700630442078424,0.00232753648952544,0.870242425078922
"48",9.4,47,0.0820061950598036,0.075594363445305,0.069210353085875,0.0628735391447022,0.0566068715280146,0.0504425565306422,0.0227835858236435,0.00661847291661489,0.00215141352478327,0.866776750139855
"49",9.6,48,0.0803870919776061,0.0740370332858596,0.0677188359556227,0.0614521172645931,0.0552600822182383,0.0491750610471558,0.0219786292211781,0.00625824707097254,0.00199101086218368,0.863311075200788
"50",9.8,49,0.0788316420663214,0.0725421408301778,0.0662883996170772,0.0600902607285949,0.0539711637640374,0.047963544072126,0.0212164874558054,0.00592323348083345,0.00184471317175537,0.859845400261721
"51",10,50,0.0773361504863544,0.0711060176472277,0.0649154078540402,0.058784372290804,0.052736565847527,0.0468045113691633,0.0204941447347238,0.00561128250337955,0.00171109262765474,0.856379725322654
"52",10.2,51,0.0758972032298824,0.0697252764812727,0.0635965057135366,0.0575311357452269,0.0515530185821052,0.0456947480643124,0.0198088478863341,0.0053204598368947,0.00158888468777325,0.852770508025189
"53",10.4,52,0.0745116409341604,0.0683967848701966,0.0623285929374086,0.0563274891821563,0.0504175056098007,0.0446312916051533,0.0191580792741253,0.0050490218218077,0.00147696731265802,0.849161290727724
"54",10.6,53,0.0731765355704754,0.0671176416746773,0.0611088003405304,0.0551706012273731,0.0493272402178274,0.0436114077754609,0.0185395329236796,0.00479539392323484,0.00137434309224486,0.84555207343026
"55",10.8,54,0.0718891696471494,0.0658851561508109,0.0599344687622244,0.0540578498844935,0.0482796440881707,0.0426325693724961,0.0179510934336187,0.00455815194161768,0.00128012383753798,0.841942856132795
"56",11,55,0.0706470176160005,0.0646968292507811,0.0588031302704716,0.0529868036548713,0.0472723283492513,0.0416924372104364,0.0173908173048315,0.00433600556869366,0.00119351726716993,0.838333638835331
"57",11.2,56,0.0694477292147443,0.0635503368800298,0.057712491343214,0.0519552046550554,0.0463030766452395,0.0407888431609586,0.016856916375551,0.00412778396476245,0.00111381547874974,0.834589538459356
"58",11.4,57,0.0682891145142747,0.0624435148765138,0.0566604177888698,0.0509609534903553,0.0453698299779097,0.0399197749821104,0.016347743094601,0.00393242308217917,0.00104038494446479,0.830845438083382
"59",11.6,58,0.0671691304707434,0.061374345509154,0.0556449212002743,0.0500020956757614,0.0444706731092493,0.0390833627205958,0.0158617774028635,0.00374895450095712,0.00097265781146924,0.827101337707408
"60",11.8,59,0.0660858688087322,0.060340945319415,0.0546641467635727,0.0490768094232744,0.0436038223413651,0.0382778665014674,0.0153976150249314,0.00357649557670995,0.00091012432171764,0.823357237331433
"61",12,60,0.0650375450843476,0.0593415541528682,0.0537163622668946,0.0481833946384193,0.0427676145143776,0.0375016655438187,0.0149539569999629,0.00341424073004831,0.0008523261943395,0.819613136955459
"62",12.2,61,0.0640224887963668,0.0583745252472055,0.0527999481735865,0.0473202629890028,0.0419604970836356,0.0367532482620774,0.0145296003037703,0.00326145373090474,0.000798850837406931,0.815726884227898
"63",12.4,62,0.0630391344301352,0.0574383162600054,0.0519133886418873,0.0464859289265685,0.041181019155273,0.0360312033304986,0.0141234294337828,0.00311746085185479,0.000749326275846331,0.811840631500336
"64",12.6,63,0.0620860133331834,0.0565314811340427,0.0510552633876468,0.0456790015559565,0.0404278233743258,0.0353342116039017,0.0137344088452942,0.002981644781958,0.000703416698953539,0.807954378772775
"65",12.8,64,0.0611617463338423,0.055652662710428,0.0502242402993782,0.0448981772612612,0.0396996385727185,0.0346610388009996,0.0133615761417667,0.00285343920747328,0.000660818545035107,0.804068126045213
"66",13,65,0.0602650370247868,0.0548005860106705,0.0494190687258997,0.0441422330076111,0.0389952730957285,0.0340105288681367,0.0130040359342996,0.00273232397843557,0.000621257052563755,0.800181873317652
"67",13.2,66,0.0593946656426698,0.0539740521181214,0.0486385733663181,0.0434100202478315,0.0383136087353152,0.0333815979511793,0.0126609542959913,0.00261782079086314,0.00058448321726895,0.796157510829881
"68",13.4,67,0.058549483483034,0.0531719325973881,0.0478816487003591,0.0427004593714134,0.0376535952071802,0.0327732289118969,0.0123315537460833,0.002509489323591,0.00055027110308718,0.79213314834211
"69",13.6,68,0.0577284077966748,0.0523931643973903,0.0471472539042157,0.0420125346404852,0.0370142451157973,0.0321844663326443,0.0120151087066986,0.00240692377663593,0.000518415462117949,0.788108785854339
"70",13.8,69,0.0569304171197228,0.0516367451899037,0.0464344082033503,0.0413452895638165,0.036394629358065,0.0316144119596548,0.0117109413818502,0.00230974976479574,0.00048872962487858,0.784084423366568
"71",14,70,0.0561545469950503,0.0509017291008357,0.0457421866191444,0.0406978226654216,0.0357938729218409,0.0310622205409256,0.0114184180143526,0.00221762152603772,0.000461043627393164,0.780060060878797
"72",14.2,71,0.0553998860472705,0.0501872227962024,0.0450697160710771,0.0400692836091675,0.0352111510405126,0.0305270960196289,0.0111369454814569,0.00213021940927997,0.000435202546131044,0.775911337548543
"73",14.4,72,0.0546655723777031,0.0494923818889251,0.0444161718003075,0.0394588696450368,0.0346456856690521,0.0300082880483238,0.0108659681945477,0.00204724761053455,0.000411065015646038,0.771762614218288
"74",14.6,73,0.0539507902492828,0.0488164076362108,0.0437807740842237,0.0388658223464212,0.0340967422507671,0.029505088793048,0.0106049652721853,0.0019684321301606,0.000388501907058599,0.767613890888034
"75",14.8,74,0.0532547670345644,0.04815854390049,0.0431627852147649,0.0382894246111033,0.0335636267472762,0.0290168299997133,0.0103534479592326,0.00189351892725618,0.000367395148351064,0.763465167557779
"76",15,75,0.0525767704027819,0.0475180743497186,0.0425615067161857,0.03772899790147,0.033045682907151,0.0285428802981731,0.0101109572678296,0.001822272250068,0.000347636669881733,0.759316444227525
"77",15.2,76,0.0519161057243957,0.0468943198753557,0.0419762767804582,0.037183899702057,0.032542289751244,0.0280826427219274,0.00987706181863729,0.00175447312378138,0.000329127460623524,0.755040257823564
"78",15.4,77,0.0512721136737608,0.0462866362085407,0.0414064679007447,0.036653521174777,0.0320528592549972,0.0276355524237244,0.0096513558631088,0.00168991797921768,0.000311776722448155,0.750764071419603
"79",15.6,78,0.0506441680124888,0.0456944117169609,0.0408514846853554,0.036137284994185,0.0315768342100401,0.0272010745693462,0.00943345746960542,0.00162841740785899,0.000295501111347271,0.746487885015642
"80",15.8,79,0.0500316735378134,0.0451170653666448,0.0403107618363647,0.0356346433469061,0.0311136862491734,0.026778702393667,0.00922300685798991,0.00156979503027538,0.000280224055843677,0.742211698611681
"81",16,80,0.0494340641818021,0.0445540448344657,0.0397837622786236,0.0351450760809285,0.030662914020421,0.0263679554046668,0.00901966486893668,0.00151388646648147,0.00026587514402806,0.73793551220772
"82",16.2,81,0.0488508012486294,0.0440048247585247,0.0392699754262983,0.0346680889918659,0.0302240414972439,0.0259683777225036,0.00882311155561828,0.00146053839802368,0.000252389571684865,0.733547026375539
"83",16.4,82,0.0482813717783521,0.0434689051148136,0.0387689155753068,0.0342032122345416,0.0297966164132671,0.0255795365420093,0.00863304488668724,0.00140960771271912,0.000239707644866426,0.729158540543359
"84",16.6,83,0.0477252870267178,0.0429458097096587,0.0382801204111333,0.0337499988493664,0.0293802088109928,0.0252010207081034,0.00844917955059091,0.0013609607239544,0.000227774331055726,0.72477005471118
"85",16.8,84,0.0471820810515172,0.042435084778434,0.0378031496224911,0.0333080233939741,0.0289744096949726,0.0248324393946209,0.00827124585225006,0.00131447245732218,0.000216538853740506,0.720381568878999
"86",17,85,0.0466513093968684,0.0419362976819106,0.0373375836121949,0.032876880671474,0.0285788297808102,0.0244734208779525,0.00809898869401773,0.00127002599814135,0.000205954325818447,0.715993083046819
"87",17.2,86,0.0461325478676064,0.0414490356924055,0.0368830222973943,0.0324561845474786,0.0281930983321664,0.0241236113976975,0.00793216663362289,0.00122751189408666,0.000195977417776203,0.711517859005704
"88",17.4,87,0.0456253913866585,0.0409729048625986,0.0364390839920397,0.0320455668487809,0.0278168620786596,0.0237826740972537,0.00777055101250791,0.00118682760775444,0.000186568057043792,0.707042634964589
"89",17.6,88,0.0451294529289227,0.0405075289705294,0.0360054043650906,0.0316446763372017,0.0274497842082002,0.0234502880379142,0.00761392514859781,0.00114787701452508,0.000177689155328911,0.702567410923474
"90",17.8,89,0.0446443625257365,0.040052548534859,0.0355816354685545,0.0312531777527065,0.02709154342788,0.0231261472806218,0.00746208358810266,0.00111056994155606,0.000169306361090296,0.698092186882358
"91",18,90,0.0441697663345431,0.0396076198950018,0.035167444829967,0.0308707509204134,0.0267418330880576,0.0228099600300589,0.00731483141145871,0.00107482174416045,0.000161387834621382,0.693616962841243
"92",18.2,91,0.0437053257688248,0.0391724143511983,0.0347625146043912,0.0304970899165854,0.0264003603647576,0.0225014478362181,0.00717198358896678,0.00104055291620051,0.000153904043490895,0.689065681024363
"93",18.4,92,0.0432507166837975,0.0387466173600259,0.0343665407814407,0.0301319022891242,0.0260668454959212,0.0222003448490257,0.00703336438209284,0.00100768873145966,0.000146827576330143,0.684514399207483
"94",18.6,93,0.042805628613739,0.0383299277812241,0.033979232443212,0.0297749083284673,0.025741021067434,0.0219063971219749,0.00689880678676077,0.000976158913254364,0.000140132973171571,0.679963117390603
"95",18.8,94,0.0423697640571714,0.0379220571720596,0.0336003110693607,0.0294258403851393,0.0254226313452023,0.0216193619610708,0.00676815201529751,0.000945897329813119,0.000133796570733444,0.675411835573723
"96",19,95,0.041942837806429,0.037522729125768,0.033229509885871,0.02908444223052,0.025111431649866,0.0213390073157045,0.00664124901398595,0.000916841713187994,0.000127796361213988,0.670860553756844
"97",19.2,96,0.0415245763184287,0.0371316786508969,0.0328665732543505,0.0287504684576801,0.0248071877710181,0.021065111208358,0.00651795401344947,0.000888933399677007,0.00012211186330785,0.66622508491012
"98",19.4,97,0.0411147171237183,0.0367486515886317,0.0325112560989465,0.0284236839193941,0.024509675418063,0.0207974612002968,0.00639813010933339,0.000862117089926642,0.000116724004290489,0.661589616063397
"99",19.6,98,0.0407130082711109,0.0363734040654209,0.0321633233682083,0.0281038632006726,0.0242186797050781,0.0205358538906469,0.00628164687096673,0.000836340627054903,0.000111615012134189,0.656954147216673
"100",19.8,99,0.040319207805432,0.0360057019784336,0.0318225495294428,0.0277907901233756,0.023933994667258,0.0202800944464589,0.00616837997588583,0.000811554791289444,0.000106768316724382,0.65231867836995
"101",20,100,0.039933083276095,0.0356453205115759,0.0314887180932985,0.0274842572806573,0.023655422806716,0.0200299961615595,0.00605821086828027,0.000787713109753248,0.000102168459338668,0.647683209523226
"102",20.2,101,0.0395544112744045,0.0352920436799695,0.031161621166495,0.0271840655991751,0.0233827746655909,0.019785380042166,0.00595102643958395,0.000764771680155105,9.78010096342983e-05,0.642993521083271
"103",20.4,102,0.0391829769976447,0.0349456639009627,0.0308410590307769,0.0268900239271557,0.0231158684245738,0.0195460744173991,0.00584671872958168,0.000742689007254083,9.36524894645152e-05,0.638304835514499
"104",20.6,103,0.0388185738381616,0.0346059815898865,0.0305268397463177,0.0266019486465584,0.0228545295251115,0.0193119145729756,0.00574518464653538,0.000721425851068356,8.97103029107052e-05,0.633616149945727
"105",20.8,104,0.0384610029957816,0.0342728047789093,0.0302187787779372,0.0263196633077123,0.0225985903136825,0.0190827424064975,0.00564632570495616,0.00070094508589007,8.5962671976929e-05,0.628927464376954
"106",21,105,0.038110073112035,0.0339459487574652,0.0299166986426175,0.0260429982849278,0.0223478897066594,0.018858406102874,0.00555004777975896,0.00068121156925024,8.23985774467385e-05,0.624238778808182
"107",21.2,106,0.0377655999247654,0.0336252357328461,0.0296204285769182,0.025771790451693,0.0221022728743901,0.0186387598285265,0.00545626087563782,0.000662192020052401,7.90077044500425e-05,0.619512766677725
"108",21.4,107,0.0374274059418117,0.0333104945096499,0.0293298042229941,0.0255058828741739,0.0218615909432262,0.0184236634431272,0.00536487891059164,0.000643854905161099,7.57803923306625e-05,0.614786754547268
"109",21.6,108,0.0370953201325444,0.0330015601868772,0.0290446673320157,0.0252451245218284,0.0216257007143289,0.018212982227717,0.00527581951261456,0.00062617033379246,7.27075884437507e-05,0.610060742416812
"110",21.8,109,0.0367691776361261,0.0326982738715512,0.0287648654838783,0.024989369994033,0.0213944643981616,0.0180065866281324,0.00518900382864172,0.0006091099591096,6.97808055468808e-05,0.605334730286355
"111",22,110,0.0364488194854485,0.0324004824078214,0.0284902518221678,0.0247384792617012,0.0211677493636656,0.0178043520127516,0.00510435634491128,0.000592646886475764,6.69920824797574e-05,0.600608718155898
"112",22.2,111,0.0361340923457697,0.0321080381205823,0.0282206848034247,0.0244923174229458,0.0209454279011806,0.0176061584436411,0.00502180471796805,0.000576755587863996,6.4333947855541e-05,0.595838115864798
"113",22.4,112,0.0358248482671485,0.0318207985727098,0.0279560279598161,0.0242507544719053,0.0207273769982466,0.017411890460251,0.00494127961559238,0.000561411821963406,6.17993865120413e-05,0.591067513573699
"114",22.6,113,0.0355209444498305,0.0315386263350775,0.0276961496743878,0.024013665079916,0.0205134781274781,0.0172214368748675,0.00486271456699235,0.000546592559560169,5.93818084938346e-05,0.5862969112826
"115",22.8,114,0.0352222430218044,0.0312613887685771,0.0274409229681262,0.0237809283882708,0.0203036170457649,0.0170346905790891,0.00478604582164627,0.000532275913805495,5.70750203569348e-05,0.5815263089915
"116",23,115,0.0349286108277961,0.0309889578174178,0.0271902252981145,0.0235524278118562,0.0200976836041011,0.0168515483606425,0.00471121221622796,0.000518441075014417,5.48731986062014e-05,0.576755706700401
"117",23.2,116,0.0346399192290214,0.0307212098130292,0.0269439383661155,0.0233280508530101,0.0198955715673958,0.0166719107299038,0.00463815504908916,0.000505068249667592,5.2770865092497e-05,0.571979210726533
"118",23.4,117,0.0343560439130613,0.0304580252879414,0.0267019479369576,0.0231076889249851,0.0196971784436619,0.0164956817555331,0.00456681796181099,0.000492138603314601,5.07628642117971e-05,0.567203154472465
"119",23.6,118,0.0340768647132684,0.0301992887990518,0.0264641436661472,0.0228912371844485,0.01950240532202,0.0163227689086727,0.00449714682737244,0.000479634207100848,4.88443417621954e-05,0.562427098218398
"120",23.8,119,0.0338022654371516,0.0299448887597349,0.0262304189361626,0.022678594372482,0.019311156718995,0.0161530829151957,0.00442908964451564,0.000467537987662105,4.70107253272529e-05,0.55765104196433
"121",24,120,0.0335321337032209,0.0296947172802805,0.0260006707009279,0.0224696626635863,0.0191233404326147,0.0159865376155258,0.00436259643791745,0.000455833680150538,4.52577060654283e-05,0.552874985710262
"122",24.2,121,0.0332663607858115,0.0294486700161841,0.0257747993379915,0.0222643475222247,0.0189388674038555,0.015823049831583,0.00429761916380501,0.00044450578417432,4.35812217955794e-05,0.548079600932922
"123",24.4,122,0.0330048414674339,0.0292066460238428,0.0255527085079714,0.022062557566471,0.0187576515850087,0.0156625392404391,0.00423411162067748,0.000433539522449627,4.1977441277878e-05,0.543284216155581
"124",24.6,123,0.0327474738982281,0.028968547623237,0.0253343050208517,0.0218642044383568,0.0185796098145683,0.0155049282542916,0.00417202936482005,0.000422920801979074,4.04427495979137e-05,0.538488831378242
"125",24.8,124,0.0324941594621259,0.0287342802672084,0.0251194987087472,0.0216692026805367,0.0184046616982696,0.0153501419063951,0.00411132963031786,0.000412636177584728,3.89737345694997e-05,0.533693446600902
"126",25,125,0.0322448026493502,0.0285037524169674,0.0249082023047722,0.0214774696189193,0.0182327294959284,0.015198107742608,0.00405197125329719,0.000402672817636651,3.75671740786767e-05,0.528898061823561
"127",25.2,126,0.0319993109349048,0.0282768754234852,0.0247003313276766,0.0212889252509265,0.0180637380137562,0.0150487557182382,0.00399391460014008,0.000393018471829782,3.62200242978161e-05,0.524131483614801
"128",25.4,127,0.0317575946627276,0.0280535634144511,0.0244958039719317,0.0211034921390742,0.0178976145018458,0.0149020180998878,0.00393712149943531,0.000383661440872849,3.49294087045301e-05,0.519365781253106
"129",25.6,128,0.0315195669352023,0.0278337331864905,0.0242945410029678,0.0209210953095786,0.0177342885565404,0.0147578293720205,0.00388155517744464,0.000374590547962907,3.369260784541e-05,0.514600078891411
"130",25.8,129,0.031285143507741,0.027617304102362,0.0240964656572849,0.0207416621557158,0.017573692027419,0.0146161261479884,0.00382718019687784,0.000365795111928419,3.25070497894522e-05,0.509834376529715
"131",26,130,0.0310542426881682,0.0274041979928665,0.0239015035471742,0.0205651223456768,0.0174157589286462,0.0144768470852738,0.00377396239878358,0.000357264921932138,3.1370301220454e-05,0.50506867416802
"132",26.2,131,0.0308267852406535,0.0271943390632194,0.023709582569805,0.0203914077346774,0.0172604253544502,0.0143399328047165,0.00372186884737578,0.000348990213632903,3.02800591217037e-05,0.500341737850883
"133",26.4,132,0.0306026942939536,0.0269876538036493,0.0235206328204449,0.0202204522810947,0.0171076293985073,0.0142053258135104,0.00367086777762689,0.000340961646712659,2.92341430099771e-05,0.495614801533747
"134",26.6,133,0.0303818952537407,0.0267840709040039,0.023334586509597,0.0200521919664188,0.0169573110770255,0.0140729704317678,0.00362092854547012,0.000333170283681584,2.82304876792412e-05,0.490887865216611
"135",26.8,134,0.0301643157188055,0.0265835211721546,0.0231513778838491,0.0198865647188181,0.0168094122553301,0.0139428127224598,0.00357202158046305,0.000325607569880388,2.7267136417544e-05,0.486160928899474
"136",27,135,0.0299498854009377,0.026385937456004,0.0229709431502425,0.0197235103401308,0.0166638765777695,0.0138148004245554,0.00352411834077411,0.000318265314604441,2.63422346634257e-05,0.481433992582338
"137",27.2,136,0.0297385360482957,0.0261912545689124,0.0227932204039806,0.0195629704361047,0.0165206494007656,0.0136888828891906,0.00347719127036234,0.000311135673279637,2.54540240707535e-05,0.47674925113421
"138",27.4,137,0.0295302013720896,0.0259994092183703,0.0226181495593049,0.0194048883497178,0.0163796777288484,0.0135650110187094,0.00343121375822884,0.000304211130624725,2.46008369532922e-05,0.472065305460937
"139",27.6,138,0.0293248169764123,0.0258103399377518,0.0224456722833802,0.0192492090974247,0.01624091015352,0.0134431372084282,0.00338616009962579,0.000297484484739267,2.37810910824852e-05,0.467381359787664
"140",27.8,139,0.0291223202910616,0.025623987020997,0.0222757319330349,0.0190958793081778,0.0161042967948043,0.0133232152909829,0.00334200545911624,0.000290948832060563,2.29932848139417e-05,0.462697414114391
"141",28,140,0.0289226505072048,0.0254402924600757,0.0221082734942165,0.0189448471650859,0.0159697892453458,0.013205200483128,0.00329872583538401,0.000284597553136664,2.2235992519959e-05,0.458013468441118
"142",28.2,141,0.0287257485157474,0.025259199885097,0.0219432435240252,0.0187960623495774,0.0158373405169299,0.0130890493348618,0.0032562980276995,0.000278424299166138,2.15078603071033e-05,0.453410247426707
"143",28.4,142,0.0285315568482739,0.0250806545069336,0.0217805900952006,0.0186494759879446,0.0157069049893035,0.0129747196807619,0.00321469960395259,0.00027242297925859,2.08076019994391e-05,0.448807026412296
"144",28.6,143,0.0283400196204362,0.0249046030622409,0.0216202627429396,0.0185050406001509,0.0155784383611816,0.0128621705934197,0.00317390887016956,0.000266587748372893,2.01339953694139e-05,0.444203805397885
"145",28.8,144,0.0281510824776712,0.0247309937607516,0.0214622124139337,0.018362710050791,0.015451897603332,0.0127513623388697,0.00313390484143526,0.00026091299589299,1.94858785997379e-05,0.439600584383473
"146",29,145,0.0279646925431386,0.0245597762347405,0.0213063914175184,0.0182224395020993,0.0153272409136373,0.0126422563339152,0.00309466721414719,0.000255393334803718,1.8862146960807e-05,0.434997363369062
"147",29.2,146,0.0277807983677707,0.0243909014905532,0.0211527533788314,0.0180841853689075,0.0152044276740371,0.0125348151052582,0.00305617633953179,0.000250023591431524,1.82617496893366e-05,0.430470877073848
"148",29.4,147,0.0275993498823377,0.0242243218621027,0.0210012531938882,0.0179479052754586,0.0150834184092602,0.0124290022503437,0.00301841319835769,0.000244798795717243,1.76836870549088e-05,0.425944905940855
"149",29.6,148,0.0274202983514326,0.0240599909662404,0.0208518469864794,0.0178135580139874,0.0149641747472605,0.0123247823998385,0.00298135937678439,0.00023971417199019,1.71270076020865e-05,0.421418934807863
"150",29.8,149,0.0272435963292862,0.0238978636599149,0.0207044920668082,0.017681103504986,0.0148466593812764,0.0122221211816627,0.00294499704328823,0.000234765130214761,1.65908055566237e-05,0.41689296367487
"151",30,150,0.0270691976173294,0.0237378959990342,0.0205591468917848,0.0175505027590736,0.014730836033435,0.0121209851865027,0.00290930892661104,0.0002299472576826,1.60742183851202e-05,0.412366992541877
